product_id,spec_name,spec_value
1,CPU,"Intel Core Ultra 7 155H (P-core 1.4 GHz up to 4.8 GHz, E-core 900 MHz up to 3.8 GHz, 24 MB L3 cache, 16 cores, 22 threads)"
1,RAM,16GB LPDDR5x 7467 MHz RAM (Onboard)
1,Ổ cứng,1TB PCIe® Gen4 NVMe™ Performance M.2 SSD
1,Card đồ họa,"NVIDIA® GeForce RTX™ 4060 8GB GDDR6
AI TOPs: 233 TOPs"
1,Màn hình,"14"" 2.8K (2880 x 1800), OLED, 120Hz, 0.2ms, UWVA, edge-to-edge glass, micro-edge, Low Blue Light, SDR 400 nits, HDR 500 nits, 100% DCI-P3"
1,Cổng kết nối,"1x USB Type-A 10Gbps signaling rate (HP Sleep and Charge)
1x USB Type-A 10Gbps signaling rate 
1x HDMI 2.1; 1 headphone/microphone combo 
1x Thunderbolt™ 4 with USB Type-C® 40Gbps signaling rate (USB Power Delivery, DisplayPort™ 2.1, HP Sleep and Charge)
1x USB Type-C® 10Gbps signaling rate (USB Power Delivery, DisplayPort™ 1.4a, HP Sleep and Charge) "
1,Bàn phím,"Full-size, 4-zone RGB backlit, ceramic white keyboard and 26-Key Rollover Anti-Ghosting Key technology"
1,Audio,DTS:X® Ultra; HyperX; Dual speakers; HP Audio Boost
1,Chuẩn Lan,None
1,Wifi + Bluetooth,Intel® Wi-Fi 6E AX211 (2x2)
1,Webcam,HP True Vision 1080p FHD IR camera with temporal noise reduction and integrated dual array digital microphones
1,Hệ điều hành    ,Windows 11 Home
1,Pin,6 Cell 71WHr
1,Trọng lượng,1.63 kg 
1,Màu sắc,Ceramic white aluminum
1,Kích thước    ,31.3 x 23.35 x 1.69 cm
3,CPU,"Intel® Core™ Ultra 7 Processor 258V 32GB 1.8 GHz (12MB Cache, up to 4.8 GHz, 8 cores, 8 Threads)
Intel® AI Boost NPU up to 47 TOPS"
3,RAM,32GB LPDDR5 8533 MT/s Onboard
3,Ổ cứng,"1TB NVMe PCIe Gen 4 SSD chuẩn EVO (1 khe SSD, Hỗ trợ nâng cấp tối đa 2TB)"
3,Card đồ họa,Intel® Arc™ Graphics 140V
3,Màn hình,"14"" 3K (2880x1800) OLED SlimBezel, HDR 550 nits (400 native), DCI-P3 100% / Adobe100%, 90Hz"
3,Cổng giao tiếp,"USB Type-C
2x USB Type-C™ ports
1x USB Type-C™ port supporting:
• USB4® 40Gbps
• DisplayPort over USB-C
• Thunderbolt™ 4
• USB charging 5 V; 3 A
• DC-in port 20 V; 65 W
USB Standard A
2x USB Standard-A ports, supporting:
• One port for USB 3.2 Gen 1
• One port for USB 3.2 Gen 1 featuring power off USB charging
1x HDMI® 2.1 port with HDCP support
1x Headphone/speaker jack"
3,Audio,"DTS® X:Ultra Audio, featuring optimized Bass, Loudness, Speaker"
3,Bàn phím,"Có LED trắng, bảo mật vân tay"
3,Bảo mật,"Firmware Trusted Platform Module (TPM) solution 
BIOS user, supervisor passwords"
3,Chuẩn WIFI,Killer™ Wi-Fi 7 Wireless LAN
3,Bluetooth,v5.4
3,Webcam,1440p QHD video at 30 fps with Temporal Noise Reduction
3,Hệ điều hành,Windows 11 Home Single Language
3,Trọng lượng,1.26 kg
3,Pin,3 Cell 65Whrs
3,Màu sắc,Steam Blue
3,Chất liệu,"Cover A, C, D: Aluminum 
Cover B: ABS Plastic"
3,Kích thước,312.4 (W) x 221.2 (D) x 9.7/15.95 (H) mm
4,CPU,"Intel® Core™ Ultra 5 Processor 226V 16GB 1.6 GHz (8MB Cache, up to 4.5 GHz, 8 cores, 8 Threads); Intel® AI Boost NPU up to 40 TOPS"
4,RAM,16GB LPDDR5 8533 MT/s Onboard
4,Ổ cứng,"1TB NVMe PCIe Gen 4 SSD chuẩn EVO (1 khe SSD, Hỗ trợ nâng cấp tối đa 2TB)"
4,Card đồ họa,Intel® Arc™ Graphics 130V
4,Màn hình,"14"" 3K (2880 x 1800) OLED SlimBezel, HDR 550 nits (400 native), DCI-P3 100% / Adobe100%, 90Hz"
4,Cổng giao tiếp,"USB Type-C
2x USB Type-C™ ports
1x USB Type-C™ port supporting:
• USB4® 40Gbps
• DisplayPort over USB-C
• Thunderbolt™ 4
• USB charging 5 V; 3 A
• DC-in port 20 V; 65 W
USB Standard A
2x USB Standard-A ports, supporting:
• One port for USB 3.2 Gen 1
• One port for USB 3.2 Gen 1 featuring power off USB charging
1x HDMI® 2.1 port with HDCP support
1x Headphone/speaker jack"
4,Audio,"DTS® X:Ultra Audio, featuring optimized Bass, Loudness, Speaker"
4,Bàn phím,"Có LED trắng, bảo mật vân tay"
4,Bảo mật,"Firmware Trusted Platform Module (TPM) solution 
BIOS user, supervisor passwords"
4,Chuẩn WIFI,Killer™ Wi-Fi 7 Wireless LAN
4,Bluetooth,v5.4
4,Webcam,1440p QHD video at 30 fps with Temporal Noise Reduction
4,Hệ điều hành,Windows 11 Home Single Language
4,Trọng lượng,1.26 kg
4,Pin,3 Cell 65Whrs
4,Màu sắc,Steam Blue
4,Chất liệu,"Cover A, C, D: Aluminum 
Cover B: ABS Plastic"
4,Kích thước,312.4 (W) x 221.2 (D) x 9.7/15.95 (H) mm
5,CPU,"Intel Core i9-14900HX (up to 5.80GHz, 36MB Cache)"
5,RAM,"16GB (2x8GB) DDR5 5600MHz (2x SO-DIMM socket, up to 96GB SDRAM)"
5,Ổ lưu trữ,1TB NVMe PCIe SSD Gen4x4 w/o DRAM (2x M.2 SSD slot)
5,Card đồ họa,"NVIDIA® GeForce RTX™ 4060 Laptop GPU 8GB GDDR6 powers advanced AI with 233 AI TOPS
Up to 2370MHz Boost Clock 140W Maximum Graphics Power with Dynamic Boost."
5,Màn hình,"16.0 inch QHD+ (2560x1600) 16:10, IPS 240Hz, 100% DCI-P3 (Typ.)"
5,Cổng giao tiếp,"x Type-C (USB3.2 Gen2 / DisplayPort™/ Power Delivery 3.0)
3x Type-A USB3.2 Gen1
1x HDMI™ 2.1 (8K @ 60Hz / 4K @ 120Hz)
1x RJ45"
5,Bàn phím,24-Zone RGB Gaming Keyboard with Copilot Key
5,Audio,Sound by Dynaudio and High-Resolution Audio ready (2x 2W Speaker)
5,Đọc thẻ nhớ,None
5,Kết nối có dây (LAN),Gb LAN
5,Kết nối không dây,802.11 ax Wi-Fi 6E + Bluetooth v5.3
5,Webcam,"HD type (30fps@720p), 3D Noise Reduction (3DNR)"
5,Pin,4-Cell 90Whr Battery (Whr)
5,Trọng lượng,2.5 kg
5,Hệ điều hành,Windows 11 Home
5,Màu sắc,Cosmos Gray
5,Kích thước,359 x 266.4 x 21.8-27.9 mm
6,CPU,"Intel® Core™ i5-11320H upto 4.5GHz, 8MB Cache"
6,RAM,16GB LPDDR4X 4266MHz Onboard (Không nâng cấp)
6,Ổ lưu trữ:,512GB SSD M.2 PCIE Gen3x4 (2 slots SSD M2 PCIe)
6,Card đồ họa,"NVIDIA® GeForce RTX™ 3050 with 4GB of dedicated GDDR6 VRAM
AI TOPs: 143 TOPs"
6,Màn hình,"16.1"" FHD (1920 x 1080) IPS SlimBezel, 60Hz, Acer ComfyView LED-backlit TFT LCD"
6,Cổng kết nối,"2 x USB 3.2 Gen 1 ports with one featuring power-off USB charging
1 x HDMI® 2.0 port with HDCP support
1 x 3.5 mm headphone/speaker jack, supporting headsets with built-in microphone
1 x DC-in jack for AC adapter
1 x USB Type-C port supporting"
6,Bàn phím,"Có led, có bàn phím số"
6,Audio,"DTS® Audio, featuring optimized bass response and micro-speaker
distortion prevention"
6, Bảo mật,Vân tay
6,Đọc thẻ nhớ,None
6,LAN,None
6,Wifi + Bluetooth,"Intel® Wireless Wi-Fi 6 AX201 (2x2), Bluetooth v5.1"
6,Webcam,HD Webcam (1280 x 720)
6,Hệ điều hành,Windows 11 Home
6,Pin,59Wh Li-ion battery
6,Trọng lượng,1.9 kg
6,Màu sắc,Steel Gray
6,Chất liệu,"Cover A: nhôm
Cover B: nhựa
Cover C: nhôm
Cover D: nhôm"
6,Kích thước,367.8 x 236.1 x 18.9  mm
7,CPU,"Intel® Core™ i5-13500H upto 4.70 GHz, 12 cores 16 threads, 18 MB Intel® Smart Cache"
7,RAM,16GB (1x16GB) LPDDR5 4800MHz Onboard (Không nâng cấp được)
7,Ổ cứng,"512GB PCIe NVMe SED SSD (1 khe đã cắm sẵn 512GB, nân cấp tối đã 1TB)"
7,Card đồ họa,Intel® Iris® Xe Graphics
7,Màn hình,"14"" 2.8K OLED WQXGA+ (2880 x 1800) SlimBezel, 90Hz, 400 nits, DCI-P3 100%"
7,Cổng giao tiếp,"2 x USB Type-C™ ports supporting:
• USB4® 40Gbps
• Thunderbolt™ 4
• USB charging 5 V; 3 A
• DC-in port 20 V; 100 W

2 x USB Standard-A ports, supporting:
• One port for USB 3.2 Gen 1
• One port for USB 3.2 Gen 1 featuring power off USB charging

1 x HDMI® 2.1 port with HDCP support
1 x Headphone/speaker jack
1 x microSD™ Card reader"""
7,Audio,Acer TrueHarmony technology
7,Bàn phím,"Có LED, Đơn sắc - Trắng"
7,Bảo mật,Power keycap fingerprint reader with on-chip matching design
7,Chuẩn WIFI,"• Killer™ Wireless Wi-Fi 6E 1675i
 • 802.11 a/b/g/n/ac/ax/be
 • Band: 2.4 GHz, 5 GHz, and 6 GHz
 • 2x2 MIMO technology"
7,Bluetooth,v5.3
7,Webcam,"2560 x 1440 resolution
1440p QHD video at 30 fps with Temporal"
7,Hệ điều hành,Windows 11 Home Single Language
7,Trọng lượng,1.3 kg
7,Pin,65 Whr 4-cell 
7,Màu sắc,Sunshiny Gold
7,Chất liệu,"Cover A/C/D: Aluminum
Cover B: Nhựa"
7,Kích thước,312.9 (W) x 217.9 (D) x 14.9 (H) mm
8,CPU,"Intel® Core™ i7-13650HX, 14C (6P + 8E) / 20T, P-core 2.6 / 4.9GHz, E-core 1.9 / 3.6GHz, 24MB"
8,RAM,"24GB (2x12GB) DDR5-4800 SO-DIMM (2x SO-DIMM socket, up to 32GB SDRAM)"
8,Ổ cứng,512GB SSD M.2 2242 PCIe 4.0x4 NVMe (2 Slots: M2 2242 PCIe 4.0 x4 Slot/ M.2 2280 PCIe 4.0 x4 Slot)
8,Card đồ họa,"NVIDIA® GeForce RTX™ 4050 6GB GDDR6, Boost Clock 2370MHz, TGP 105W"
8,Màn hình,"15.6"" FHD (1920x1080) IPS 300nits Anti-glare, 100% sRGB, 144Hz, G-SYNC®"
8,Cổng kết nối,"3x USB-A (USB 5Gbps / USB 3.2 Gen 1)
1x USB-C® (USB 10Gbps / USB 3.2 Gen 2), with PD 140W and DisplayPort™ 1.4
1x HDMI® 2.1, up to 8K/60Hz
1x Headphone / microphone combo jack (3.5mm)
1x Ethernet (RJ-45)
1x Power connector"
8,Bàn phím,"4-Zone RGB Backlit, English"
8,Audio,"High Definition (HD) Audio, Realtek® ALC3287 codec"
8,Chuẩn Lan,100/1000M
8,Wifi + Bluetooth,"Wi-Fi 6 11ax, 2x2 + BT5.1"
8,Webcam,FHD 1080p with E-shutter
8,Hệ điều hành    ,Windows 11 Home
8,Pin,Integrated 60Wh (4 Cell)
8,Trọng lượng,2.4 kg
8,Màu sắc,Luna Grey
8,Chất liệu,"PC-ABS (Top), PC-ABS (Bottom)"
8,Kích thước    ,359.6 x 264.8 x 22.1-25.2 mm
9,CPU,"Intel® Core™ i7-13650HX Processor 2.6 GHz 24M  Cache, up to 4.9 GHz, 14 cores: 6 P-cores and 8 E-cores)"
9,RAM,"16GB (1x16GB) DDR5 4800MHz  (2x slots, up to 32GB)"
9,Ổ lưu trữ,"1TB PCIe® 4.0 NVMe™ M.2 SSD (2x slots, upto 2TB SSD)"
9,Card đồ họa,"NVIDIA® GeForce RTX™ 4050 Laptop GPU 6GB GDDR6 (194 AI TOPs)
ROG Boost: 2420MHz* at 140W (2370MHz Boost Clock+50MHz OC, 115W+25W Dynamic Boost)"
9,Màn hình,"16 inch QHD+ 16:10 (2560 x 1600, WQXGA) 240Hz 3ms, 100% DCI-P3, chống chói, G-Sync, đạt chuẩn Pantone, ROG Nebula Display"
9,Cổng giao tiếp,"1x RJ45 LAN port
1x Thunderbolt™ 4 support DisplayPort™
1x USB 3.2 Gen 2 Type-C support DisplayPort™ / power delivery / G-SYNC
2x USB 3.2 Gen 2 Type-A
1x HDMI 2.1 FRL
1x 3.5mm Combo Audio Jack"
9,Bàn phím,Backlit Chiclet Keyboard 4-Zone RGB
9,Audio,2-speaker system with Smart Amplifier Technology
9,Đọc thẻ nhớ,None
9,Kết nối có dây (LAN),10/100/1000 Mbps
9,Kết nối không dây,Wi-Fi 6E(802.11ax)
9,Bluetooth,Bluetooth 5.2 (Dual band) 2*2
9,Webcam,720P HD camera
9,Hệ điều hành,Windows 11 Home
9,Pin,4 Cell 90WHrs
9,Trọng lượng,2.5 kg
9,Màu sắc,Eclipse Gray
9,Kích thước,35.4 x 26.4 x 2.26 ~ 3.04 cm
10,CPU,"Intel® Core™ i9 Processor 14900HX 2.2 GHz (36MB Cache, up to 5.8 GHz, 24 cores, 32 Threads)"
10,RAM,32GB (2x16GB) DDR5 5600Mhz (2 khe cắm nâng cấp tối đa 32GB) 
10,Ổ lưu trữ,"1TB PCIe® 4.0 NVMe™ M.2 Performance SSD (2 khe, nâng cấp tối đa 2TB)"
10,Card đồ họa,"NVIDIA® GeForce RTX™ 4070 Laptop GPU 8GB GDDR6 (321 AI TOPs)
ROG Boost: 2225MHz* at 140W (2175MHz Boost Clock+50MHz OC, 115W+25W Dynamic Boost)"
10,Màn hình,"18"" QHD+ 16:10 (2560 x 1600, WQXGA), IPS-level, 240Hz 3ms, Anti-glare display, DCI-P3:100%, Pantone Validated, ROG Nebula Display"
10,Cổng giao tiếp,"1x Thunderbolt™ 4 support DisplayPort™
1x USB 3.2 Gen 2 Type-C support DisplayPort™ / power delivery / G-SYNC
2x USB 3.2 Gen 2 Type-A
1x RJ45 LAN port
1x HDMI 2.1 FRL
1x 3.5mm Combo Audio Jack"
10,Bàn phím,Backlit Chiclet Keyboard Per-Key RGB
10,Audio,"Smart Amp Technology
Dolby Atmos"
10,LAN,10/100/1000/2500 Mbps
10,Wifi,Wi-Fi 6E(802.11ax) (Triple band) 2*2
10,Bluetooth,Bluetooth® 5.3 Wireless Card
10,Webcam,720P HD Camera
10,Hệ điều hành,Windows 11 Home
10,Pin,"90WHrs, 4S1P, 4-cell Li-ion"
10,Trọng lượng,3.0 Kg
10,Màu sắc,Eclipse Gray
10,Kích thước,39.9 x 29.4 x 2.31 ~ 3.08 cm
11,CPU,"Intel® Core™ i9-14900HX 2.2 GHz (36MB Cache, up to 5.8 GHz, 24 cores, 32 Threads)"
11,RAM,"64GB (2x32GB) DDR5 5600MHz (2x SO-DIMM socket, up to 64GB SDRAM)"
11,Ổ Cứng,"2TB (2x1TB) PCIe® 4.0 NVMe™ M.2 Performance SSD (RAID 0) (2x slot SSD, nâng cấp tối đa 2TB/1 slot)"
11,Card đồ họa,"NVIDIA® GeForce RTX™ 4090 Laptop GPU 16GB GDDR6 (686 AI TOPs)
ROG Boost: 2090MHz* at 175W (2040MHz Boost Clock+50MHz OC, 150W+25W Dynamic Boost)"
11,Màn hình,"18"" 2.5K (2560 x 1600, WQXGA) 16:10, 240Hz 3ms, Mini LED, 1100nits, Anti-glare display, G-Sync, Pantone Validated, ROG Nebula HDR Display"
11,Cổng kết nối,"1x 3.5mm Combo Audio Jack
1x HDMI 2.1 FRL
2x USB 3.2 Gen 2 Type-A
1x USB 3.2 Gen 2 Type-C support DisplayPort™ / power delivery / G-SYNC
1x 2.5G LAN port
1x Thunderbolt™ 4 support DisplayPort™ / G-SYNC"
11,Bàn phím,Backlit Chiclet Keyboard Per-Key RGB
11,Audio,"Dolby Atmos, Hi-Res certification, Smart Amp Technology, AI noise-canceling technology"
11,Lan,10/100/1000/2500 Mbps
11,Wifi + Bluetooth,Wi-Fi 6E(802.11ax) (Triple band) 2*2 + Bluetooth® 5.3 Wireless Card
11,Webcam,720P HD camera
11,Hệ điều hành,No preinstalled OS
11,Pin,"90WHrs, 4S1P, 4-cell Li-ion"
11,Trọng lượng,3.10 Kg (6.83 lbs)
11,Màu sắc,Off Black
11,Kích thước,"39.9 x 29.4 x 2.31 ~ 3.08 cm (15.71"" x 11.57"" x 0.91"" ~ 1.21"")"
12,CPU,"Intel® Core™ i9-14900HX 2.2 GHz (36MB Cache, up to 5.8 GHz, 24 cores, 32 Threads)"
12,RAM,"32GB (2x16GB) DDR5 5600MHz (2x SO-DIMM socket, up to 64GB SDRAM)"
12,Ổ Cứng,"1TB (1x1TB) PCIe® 4.0 NVMe™ M.2 Performance SSD (2x slot SSD, nâng cấp tối đa 2TB/1 slot)"
12,Card đồ họa,"NVIDIA® GeForce RTX™ 4080 Laptop GPU 12GB GDDR6 (542 AI TOPs)
ROG Boost: 2090MHz* at 175W (2040MHz Boost Clock+50MHz OC, 150W+25W Dynamic Boost)"
12,Màn hình,"18"" 2.5K (2560 x 1600, WQXGA) 16:10, 240Hz 3ms, Mini LED, 1100nits, Anti-glare display, G-Sync, Pantone Validated, ROG Nebula HDR Display"
12,Cổng kết nối,"1x 3.5mm Combo Audio Jack
1x HDMI 2.1 FRL
2x USB 3.2 Gen 2 Type-A
1x USB 3.2 Gen 2 Type-C support DisplayPort™ / power delivery / G-SYNC
1x 2.5G LAN port
1x Thunderbolt™ 4 support DisplayPort™ / G-SYNC"
12,Bàn phím,Backlit Chiclet Keyboard Per-Key RGB
12,Audio,"Dolby Atmos, Hi-Res certification, Smart Amp Technology, AI noise-canceling technology"
12,Lan,10/100/1000/2500 Mbps
12,Wifi + Bluetooth,Wi-Fi 6E(802.11ax) (Triple band) 2*2 + Bluetooth® 5.3 Wireless Card
12,Webcam,720P HD camera
12,Hệ điều hành,No preinstalled OS
12,Pin,"90WHrs, 4S1P, 4-cell Li-ion"
12,Trọng lượng,3.10 Kg (6.83 lbs)
12,Màu sắc,Off Black
12,Kích thước,"39.9 x 29.4 x 2.31 ~ 3.08 cm (15.71"" x 11.57"" x 0.91"" ~ 1.21"")"
13,CPU,"Intel® Core™ i9 Processor 14900HX 2.2 GHz (36MB Cache, up to 5.8 GHz, 24 cores, 32 Threads)"
13,RAM,"32GB (2x16GB) DDR5 5600MHz  (2x slots, up to 32GB)"
13,Ổ lưu trữ,"1TB PCIe® 4.0 NVMe™ M.2 SSD (2x slots, upto 2TB SSD)"
13,Card đồ họa,"NVIDIA® GeForce RTX™ 4070 Laptop GPU 8GB GDDR6 (321 AI TOPs)
ROG Boost: 2225MHz* at 140W (2175MHz Boost Clock+50MHz OC, 115W+25W Dynamic Boost)"
13,Màn hình,"16 inch QHD+ 16:10 (2560 x 1600, WQXGA) 240Hz 3ms, 100% DCI-P3, chống chói, G-Sync, đạt chuẩn Pantone, ROG Nebula Display"
13,Cổng giao tiếp,"1x RJ45 LAN port
1x Thunderbolt™ 4 support DisplayPort™
1x USB 3.2 Gen 2 Type-C support DisplayPort™ / power delivery / G-SYNC
2x USB 3.2 Gen 2 Type-A
1x HDMI 2.1 FRL
1x 3.5mm Combo Audio Jack"
13,Bàn phím,Backlit Chiclet Keyboard Per-Key RGB
13,Audio,2-speaker system with Smart Amplifier Technology
13,Đọc thẻ nhớ,None
13,Kết nối có dây (LAN),10/100/1000 Mbps
13,Kết nối không dây,Wi-Fi 6E(802.11ax) (Triple band) 2*2
13,Bluetooth,Bluetooth® 5.3 Wireless
13,Webcam,720P HD camera
13,Hệ điều hành,Windows 11 Home
13,Pin,4 Cell 90WHrs
13,Trọng lượng,2.5 kg
13,Màu sắc,Eclipse Gray
13,Kích thước,35.4 x 26.4 x 2.26 ~ 3.04 cm
14,CPU,Intel Core i5-1335U 1.3GHz up to 4.6GHz 12MB
14,RAM,"16GB (2x8GB) DDR4 3200MHz (2x SO-DIMM socket, up to 32GB SDRAM)"
14,Ổ cứng,512GB NVMe PCIe Gen4 SSD (1 x slots M.2 NVMe PCIe Gen4)
14,Card đồ họa,Intel Iris Xe Graphics
14,Màn hình,"15.6"" FHD (1920 x 1080) IPS-Level, 60Hz, 45% NTSC, Thin Bezel, 65% sRGB"
14,Cổng giao tiếp,"1x Type-C (USB3.2 Gen2 / DisplayPort™/ Power Delivery 3.0)
3x Type-A USB3.2 Gen1
1x Micro SD Card Reader
1x HDMI™ (4K @ 30Hz)
1x RJ45
1x Mic-in/Headphone-out Combo Jack"
14,Bàn phím,Single Backlit Keyboard (White)
14,Audio,2x 2W Audio Speaker
14,LAN,Gigabit Ethernet
14,Wifi + Bluetooth,"802.11 ax Wi-Fi 6E, Bluetooth v5.3"
14,Webcam,HD type (30fps@720p)
14,Bảo mật,"Fingerprint Security, Discrete Trusted Platform Module(dTPM) 2.0, Firmware Trusted Platform Module(fTPM) 2.0, Webcam Shutter, Kensington Lock"
14,Pin,3 Cell 46.8 WHr
14,Trọng lượng,1.7 kg
14,Hệ điều hành,Windows 11 Home
14,Màu sắc,Urban Silver
14,Kích thước,358.9 x 235.9 x 19.9 mm
15,CPU,Intel Core i5-13420H 2.1GHz up to 4.6GHz 12MB
15,RAM,"16GB (2 x 8GB) DDR4 3200MHz (2x SO-DIMM socket, up to 64GB SDRAM)"
15,Ổ cứng,"512GB NVMe PCIe SSD Gen3x4 (Còn trống 1x 2.5"" SATA HDD slot)"
15,VGA,"NVIDIA® GeForce RTX™ 2050 4GB UUp to 1170MHz Boost Clock 45W Maximum Graphics Power with Dynamic Boost.
AI TOPs: 104 TOPs"
15,Màn hình,"15.6"" FHD (1920 x 1080), 144Hz, IPS-Level, 45% NTSC, 65% sRGB"
15,Cổng giao tiếp,"1x Type-C (USB3.2 Gen1 / DP)
3x Type-A USB3.2 Gen1
1x HDMI™ (4K @ 30Hz)
1x RJ45
1x Mic-in/Headphone-out Combo Jack"
15,Bàn phím,Single Backlit Keyboard (Blue)
15,Audio,2x 2W Speaker
15,Chuẩn LAN,Gigabit Ethernet
15,Chuẩn WIFI,802.11 ax Wi-Fi 6E
15,Bluetooth,v5.3
15,Webcam,HD type (30fps@720p)
15,Hệ điều hành,Windows 11 Home
15,Pin,3-Cell 52.4 Battery (Whr)
15,Trọng lượng,1.86 kg
15,Màu sắc,Cosmos Gray
15,Kích thước,359 x 254 x 21.7 mm
16,CPU,"Intel® Core™ Ultra 7 Processor 155H 1.4 GHz (24MB Cache, up to 4.8 GHz, 16 cores, 22 Threads); Intel® AI Boost NPU"
16,RAM,"16GB (16x1) DDR5 5600MHz (2x SO-DIMM socket, up to 32GB SDRAM)"
16,Ổ cứng,1TB NVMe PCIe Gen4x4 SSD (1 x slots M.2 NVMe PCIe Gen4)
16,Card đồ họa,"NVIDIA® GeForce RTX™ 3050 Laptop GPU
Up to 1057.5MHz Boost Clock 45W Maximum Graphics Power with Dynamic Boost"
16,Màn hình,"14"" FHD+(1920x1200), 144Hz Refresh Rate, IPS-Level, 100%sRGB(Typical)"
16,Cổng giao tiếp,"1x Type-A USB3.2 Gen2
1x Type-C (USB3.2 Gen2 / DisplayPort™/ Power Delivery 3.0)
1x Thunderbolt™ 4 (DisplayPort™/ Power Delivery 3.1)
1x Mic-in/Headphone-out Combo Jac
1x HDMI™ 2.1 (8K @ 60Hz / 4K @ 120Hz)"
16,Bàn phím,Single Backlit Keyboard (White) with Copilot Key
16,Audio,"2x 2W Audio Speaker
Hi-Res Audio Ready, DTS Audio Processing
Spatial Array Microphone (3 Mic)"
16,LAN,Gigabit Ethernet
16,Wifi + Bluetooth,"Intel® Killer™ Wi-Fi 7 BE1750, Bluetooth v5.4"
16,Webcam,"IR FHD type (30fps@1080p) with HDR
3D Noise Reduction+ (3DNR+)"
16,Bảo mật,"Fingerprint Security, Discrete Trusted Platform Module(dTPM) 2.0, Firmware Trusted Platform Module(fTPM) 2.0, Webcam Shutter, Kensington Lock"
16,Pin,4-Cell 90 Whrs
16,Trọng lượng,1.7 kg
16,Hệ điều hành,Windows 11 Home
16,Màu sắc,Stellar Gray
16,Kích thước,313.4 x 246.5 x 18.95 mm
17,CPU,"Intel® Core™ Ultra 7 Processor 155H 1.4 GHz (24MB Cache, up to 4.8 GHz, 16 cores, 22 Threads); Intel® AI Boost NPU"
17,RAM,"32GB (16x2) DDR5 5600MHz (2x SO-DIMM socket, up to 32GB SDRAM)"
17,Ổ cứng,1TB NVMe PCIe Gen4x4 SSD (1 x slots M.2 NVMe PCIe Gen4)
17,Card đồ họa,"NVIDIA® GeForce RTX™ 4050 6GB GDDR6 powers advanced AI with 194 AI TOPS
Up to 1605MHz Boost Clock 45W Maximum Graphics Power with Dynamic Boost."
17,Màn hình,"14"" 2.8K (2880 x 1800), IPS-Level, 100% DCI-P3(Typical)"
17,Cổng giao tiếp,"1x Type-A USB3.2 Gen2
1x Type-C (USB3.2 Gen2 / DisplayPort™/ Power Delivery 3.0)
1x Thunderbolt™ 4 (DisplayPort™/ Power Delivery 3.1)
1x Mic-in/Headphone-out Combo Jac
1x HDMI™ 2.1 (8K @ 60Hz / 4K @ 120Hz)"
17,Bàn phím,Single Backlit Keyboard (White) with Copilot Key
17,Audio,"2x 2W Audio Speaker
Hi-Res Audio Ready, DTS Audio Processing
Spatial Array Microphone (3 Mic)"
17,LAN,Gigabit Ethernet
17,Wifi + Bluetooth,"Intel® Killer™ Wi-Fi 7 BE1750, Bluetooth v5.4"
17,Webcam,"IR FHD type (30fps@1080p) with HDR
3D Noise Reduction+ (3DNR+)"
17,Bảo mật,"Fingerprint Security, Discrete Trusted Platform Module(dTPM) 2.0, Firmware Trusted Platform Module(fTPM) 2.0, Webcam Shutter, Kensington Lock"
17,Pin,4-Cell 90 Whrs
17,Trọng lượng,1.7 kg
17,Hệ điều hành,Windows 11 Home
17,Màu sắc,Stellar Gray
17,Kích thước,313.4 x 246.5 x 18.95 mm
24,CPU,"AMD Ryzen™ 7 6800H (3.2 GHz upto 4.7 GHz, 8 nhân 16 luồng, L2 Cache: 4MB, L3 Cache: 16MB)"
24,Ram,"16GB (2x8GB) DDR5 4800MHz (2x SO-DIMM socket, up to 32GB SDRAM)"
24,Ổ cứng,"512GB PCIe NVMe SED SSD (Còn trống 1 khe SSD M.2 PCIE, nâng cấp tối đa 2TB)"
24,Card đồ họa,NVIDIA® GeForce RTX™ 3060 with 6 GB of dedicated GDDR6 VRAM
24,Màn hình,"15.6"" FHD (1920 x 1080) IPS 165Hz SlimBezel, 100% sRGB, Acer ComfyViewTM LED-backlit TFT LCD"
24,Cổng giao tiếp," 2 x USB 3.2 Gen 2 ports with one featuring power-off USB charging
1 x USB 3.2 Gen 1 port
1 x USB Type-C™ port: USB 3.2 Gen 2 (up to 10 Gbps)
• USB 3.2 Gen 2 (up to 10 Gbps)
• DisplayPort over USB-C
• USB charging 5 V; 3 A
• DC-in port 20 V; 100 W
1 x 3.5 mm headphone/speaker jack, supporting headsets with built-in
microphone
1 x DC-in jack for AC adapter
1 x Ethernet (RJ-45) port
1 x HDMI®2.1 port with HDCP support
(Notes: HDMI2.1: Support 4K 120Hz HDR, 8K 60Hz HDR, VRR, G-sync
compatible external monitor)"
24,Audio,"DTS® X:Ultra Audio, Acer TrueHarmony™"
24,Bàn phím,RGB 4 Zone
24,Tản nhiệt,2 quạt
24,Chuẩn LAN,Killer™ Ethernet E2600
24,Chuẩn WIFI,Wi-Fi 6E 802.11AX (2x2)
24,Bluetooth,Bluetooth® 5.2
24,Webcam,720p HD video at 30 fps with Temporal Noise Reduction
24,Hệ điều hành,Windows 11 Home Single Language
24,Pin,4 Cell 57WHr
24,Trọng lượng,2.5 kg
24,Màu sắc,Obsidian black
24,Chất liệu,"Cover A, B, C, D: nhựa cứng Polycarbonate"
24,Kích thước,360.4 x 271.09 x 25.9~26.9 (mm)
25,CPU,"Intel® Core™ i7-14650HX (3.70 GHz upto 5.20 GHz, 16 nhân 24 luồng, 30 MB Intel® Smart Cache)"
25,RAM,"16GB (1x16GB) DDR5 5600MHz (2x SO-DIMM socket, up to 96GB SDRAM)"
25,Ổ cứng,"1TB PCIe NVMe SED SSD (Còn trống 1 khe SSD M.2 PCIE Gen 4, nâng cấp tối đa 2TB SSD PCIe Gen 4)"
25,VGA,"NVIDIA® GeForce RTX™ 4060 with 8 GB of dedicated GDDR6 VRAM, supporting 3072 NVIDIA® CUDA® Cores"
25,Màn hình,"16"" WQXGA (2560 x 1600), 500 nits, 100% DCI-P3, 240Hz, Anti-glare, Acer ComfyView™ LED-backlit TFT LCD, Nvidia Advanced Optimus capable"
25,Cổng giao tiếp,"2x USB Type-C™ port (supporting USB 3.2 Gen 2 (up to 10 Gbps); DisplayPort over USB-C; Thunderbolt™ 4; USB charging 5 V - 3 A, DC-in port 20 V - 65 W)
1x USB 3.2 Gen 1
1x USB 3.2 Gen 2
1x USB 3.2 Gen 2 featuring power off USB charging
1x HDMI® 2.1 port with HDCP support
1x 3.5 mm headphone/speaker jack, supporting headsets with built-in microphone
1x Ethernet (RJ-45) port
1x DC-in jack for AC adapter
1x MicroSD™ Card reader"
25,Bàn phím,"Full size, RGB 4 Zone"
25,Audio,DTS X:Ultra Audio
25,Tản nhiệt,"Dual Fan (1x AeroBlade 3D 5th gen)
Liquid Metal"
25,Chuẩn LAN,Killer™ Ethernet E3100G
25,Chuẩn WIFI,Killer Wireless Wi-Fi 6E 1675i
25,Bluetooth,v5.3
25,Webcam,"• Narrow USB HD camera
• 1280 x 720 resolution
• 720p HD video at 30 fps with Temporal Noise Reduction"
25,Hệ điều hành,Windows 11 Home Single Language
25,Pin,90Whr 4-cell
25,Trọng lượng,2.8 kg
25,Màu sắc,Obsidian black
25,Chất liệu,"Cover A: Aluminium
 Cover B,C,D: ABS Plastic"
25,Kích thước,357.78 (W) x 278.63 (D) x 25.95/27.85 (H) mm
26,CPU,"Intel® Core™ i7-13620H (3.6GHz up to 4.9GHz, 10 Cores 16 Threads, 24 MB Intel® Smart Cache)"
26,Ram,"16GB (2x8GB) DDR5 5200MHz (2x SO-DIMM socket, up to 32GB SDRAM)"
26,Ổ cứng,"512GB PCIe NVMe SED SSD (Còn trống 1 khe SSD M.2 PCIE, nâng cấp tối đa 2TB)"
26,Card đồ họa,NVIDIA® GeForce RTX™ 4050 with 6GB of dedicated GDDR6 VRAM
26,Màn hình,"15.6"" FHD (1920 x 1080) IPS, 300nits,180Hz, sRGB 100%, ""Acer ComfyView™ LED-backlit TFT LCD
 Wide viewing angle up to 170 degree 
 Ultra-slim design"
26,Cổng giao tiếp,"1 x USB Type-C™ port supporting:
• USB 3.2 Gen 2 (up to 10 Gbps)
• DisplayPort over USB-C
• Thunderbolt™ 4
• USB charging 5 V; 3 A
• DC-in port 20 V; 65 W
3 x USB Standard-A ports, supporting:
• One port for USB 3.2 Gen 1 featuring power off USB charging
• Two ports for USB 3.2 Gen 1
1 x HDMI® 2.1 port with HDCP support
1 x 3.5 mm headphone/speaker jack, supporting headsets with built-in
microphone
1 x Ethernet (RJ-45) port
1 x DC-in jack for AC adapter"
26,Audio,DTS® X:Ultra
26,Bàn phím,Led trắng
26,Đọc thẻ nhớ,None
26,Chuẩn LAN,Gigabit Ethernet
26,Chuẩn WIFI,"802.11a/b/g/n/ac+ax wireless LAN
Dual Band (2.4 GHz and 5 GHz)"
26,Bluetooth,Bluetooth® 5.1
26,Webcam,720p HD audio/video recording
26,Hệ điều hành,Windows 11 Home
26,Pin,4 Cell 57WHr
26,Trọng lượng,2.1 kg
26,Màu sắc,Obsidian Black
26,Kích thước,362.3 (W) x 239.89 (D) x 22.9/26.9 (H) mm
27,CPU,"Intel® Core™ i7-13620H (3.6GHz up to 4.9GHz, 10 Cores 16 Threads, 24 MB Intel® Smart Cache)"
27,Ram,"16GB (1x16GB) DDR5 5200MHz (2x SO-DIMM socket, up to 32GB SDRAM)"
27,Ổ cứng,"512GB PCIe NVMe SED SSD (Còn trống 1 khe SSD M.2 PCIE, nâng cấp tối đa 2TB)"
27,Card đồ họa,NVIDIA® GeForce RTX™ 3050 with 6GB of dedicated GDDR6 VRAM
27,Màn hình,"15.6"" FHD (1920 x 1080) IPS, 300nits,180Hz, sRGB 100%, ""Acer ComfyView™ LED-backlit TFT LCD
 Wide viewing angle up to 170 degree 
 Ultra-slim design"
27,Cổng giao tiếp,"1 x USB Type-C™ port supporting:
• USB 3.2 Gen 2 (up to 10 Gbps)
• DisplayPort over USB-C
• Thunderbolt™ 4
• USB charging 5 V; 3 A
• DC-in port 20 V; 65 W
3 x USB Standard-A ports, supporting:
• One port for USB 3.2 Gen 1 featuring power off USB charging
• Two ports for USB 3.2 Gen 1
1 x HDMI® 2.1 port with HDCP support
1 x 3.5 mm headphone/speaker jack, supporting headsets with built-in
microphone
1 x Ethernet (RJ-45) port
1 x DC-in jack for AC adapter"
27,Audio,DTS® X:Ultra
27,Bàn phím,Led trắng
27,Đọc thẻ nhớ,None
27,Chuẩn LAN,Gigabit Ethernet
27,Chuẩn WIFI,"802.11a/b/g/n/ac+ax wireless LAN
Dual Band (2.4 GHz and 5 GHz)"
27,Bluetooth,Bluetooth® 5.1
27,Webcam,720p HD audio/video recording
27,Hệ điều hành,Windows 11 Home
27,Pin,4 Cell 57WHr
27,Trọng lượng,2.1 kg
27,Màu sắc,Obsidian Black
27,Kích thước,362.3 (W) x 239.89 (D) x 22.9/26.9 (H) mm
28,CPU,"Intel® Core™ i7-14700HX (1.5GHz upto 5.5GHz, 20 cores 28 threads, 33 MB Intel® Smart Cache)"
28,RAM,"16GB (2 x 8GB) DDR5 5600MHz (2x SO-DIMM socket, up to 96GB SDRAM)"
28,Ổ cứng,"1TB NVMe PCIe SSD Gen4x4 (còn trống 1 slot, nâng cấp tối đa 2TB)"
28,VGA,"NVIDIA® GeForce RTX™ 4050 Laptop GPU 6GB GDDR6
Up to 2355MHz Boost Clock 105W Maximum Graphics Power with Dynamic Boost."
28,Màn hình,"16inch 16:10 FHD+(1920 x 1200) IPS-level, 165Hz, 100% sRGB"
28,Cổng giao tiếp,"1x Type-C (USB3.2 Gen2 / DP) with PD charging
3x Type-A USB3.2 Gen1
1x HDMI™ 2.1 (8K @ 60Hz / 4K @ 120Hz)
1x RJ45"
28,Bàn phím,24-Zone RGB Gaming Keyboard
28,Audio,2x 2W Speaker
28,Chuẩn LAN,Gigabit Ethernet
28,Chuẩn WIFI,802.11 ax Wi-Fi 6E
28,Bluetooth,v5.3
28,Webcam,"HD type (30fps@720p)
3D Noise Reduction (3DNR)"
28,Hệ điều hành,Windows 11 Home
28,Pin,"4-Cell
65 Battery (Whr)"
28,Trọng lượng,2.3 kg
28,Màu sắc,Cosmos Gray
28,Kích thước,359 x 266.4 x 21.8-27.7 mm
29,CPU,"Intel® Core™ Ultra 7 155H, 1.40 GHz upto 4.80 GHz, 16 nhân 22 luồng, 24MB Intel® Smart Cache"
29,RAM,32GB LPDDR5 Onboard 6400Mhz
29,Ổ cứng,1TB PCIe NVMe SED SSD (Không nâng cấp được)
29,Card đồ họa,NVIDIA® GeForce RTX™ 4070 with 8 GB GDDR6 VRAM
29,Màn hình,"14.5"" 2.8K WQXGA+ (2880x1800) OLED, 120Hz, 400 nits. DCI-P3 100%, Adobe100%"
29,Cổng giao tiếp,"2x USB Type-C™, supporting:
 • USB4® 40Gbps
 • DisplayPort over USB-C
 • Thunderbolt™ 4
 • USB charging 5 V; 3 A
 • DC-in port 20 V; 100 W
2x USB Standard A, supporting:
 • One port for USB 3.2 Gen 1
 • One port for USB 3.2 Gen 2 featuring power off USB charging
1x HDMI® 2.1 port with HDCP support
1x microSD™ Card reader
1x 3.5 mm headphone/speaker jack, supporting headsets with built-in
 microphone"""
29,Audio,"DTS® X:Ultra Audio, featuring optimized Bass, Loudness, Speaker"
29,Bàn phím,"Có LED trắng, bảo mật vân tay"
29,Bảo mật,"Firmware Trusted Platform Module (TPM) solution 
BIOS user, supervisor passwords"
29,Chuẩn WIFI,Killer™ Wireless Wi-Fi 6E 1675i  (802.11 a/b/g/n/ac/ax wireless LAN)
29,Bluetooth,v5.3
29,Webcam,FHD Camera
29,Hệ điều hành,Windows 11 Home Single Language
29,Trọng lượng,1.5kg
29,Pin,76Whr Li-ion battery
29,Kích thước,322.79 (W) x 228.12 (D) x 17.9 (H) mm
29,Chất liệu,"Cover A/C/D: Aluminum
 Cover B: Plastic"
29,Màu sắc,Steel Gray
30,CPU,"Intel® Core™ Ultra 7 155H, 1.40 GHz upto 4.80 GHz, 16 nhân 22 luồng, 24MB Intel® Smart Cache"
30,RAM,32GB LPDDR5 Onboard 6400Mhz
30,Ổ cứng,1TB PCIe NVMe SED SSD (Không nâng cấp được)
30,Card đồ họa,NVIDIA® GeForce RTX™ 4060 with 8 GB GDDR6
30,Màn hình,"14.5"" 2.8K WQXGA+ (2880x1800) OLED, 120Hz, 400 nits. DCI-P3 100%, Adobe100%"
30,Cổng giao tiếp,"2x USB Type-C™, supporting:
 • USB4® 40Gbps
 • DisplayPort over USB-C
 • Thunderbolt™ 4
 • USB charging 5 V; 3 A
 • DC-in port 20 V; 100 W
2x USB Standard A, supporting:
 • One port for USB 3.2 Gen 1
 • One port for USB 3.2 Gen 2 featuring power off USB charging
1x HDMI® 2.1 port with HDCP support
1x microSD™ Card reader
1x 3.5 mm headphone/speaker jack, supporting headsets with built-in
 microphone"""
30,Audio,"DTS® X:Ultra Audio, featuring optimized Bass, Loudness, Speaker"
30,Bàn phím,"Có LED trắng, bảo mật vân tay"
30,Bảo mật,"Firmware Trusted Platform Module (TPM) solution 
BIOS user, supervisor passwords"
30,Chuẩn WIFI,Killer™ Wireless Wi-Fi 6E 1675i  (802.11 a/b/g/n/ac/ax wireless LAN)
30,Bluetooth,v5.3
30,Webcam,FHD Camera
30,Hệ điều hành,Windows 11 Home Single Language
30,Trọng lượng,1.5kg
30,Pin,76Whr Li-ion battery
30,Kích thước,322.79 (W) x 228.12 (D) x 17.9 (H) mm
30,Chất liệu,"Cover A/C/D: Aluminum
 Cover B: Plastic"
30,Màu sắc,Steel Gray
32,CPU,"Intel® Core™ i9 Processor 14900HX 2.2 GHz (36MB Cache, up to 5.8 GHz, 24 cores, 32 Threads)"
32,RAM,"64GB (2x32GB) DDR5 5600MHz (2x SO-DIMM socket, up to 64GB SDRAM)"
32,Ổ Cứng,2TB PCIe® 4.0 NVMe™ M.2 Performance SSD (Còn trống 1 khe M.2 PCIe Gen4x4)
32,Card đồ họa,"NVIDIA® GeForce RTX™ 4090 16GB GDDR6 (686 AI TOPs)
ROG Boost: 2090MHz* at 175W (2040MHz Boost Clock+50MHz OC, 150W+25W Dynamic Boost)"
32,Màn hình,"16"" WQXGA (2560 x 1600) 16:10, 240Hz/3ms, MiniLed, Non-Glare, NanoEdge, DCI-P3:100.00%, 1100nits, G-Sync, Pantone Validated, ROG Nebula Display, Support Dolby Vision HDR"
32,Cổng kết nối,"1x 3.5mm Combo Audio Jack
1x HDMI 2.1 FRL
1x Thunderbolt™ 4 support DisplayPort™ / G-SYNC
1x USB 3.2 Gen 2 Type-C support DisplayPort™ / power delivery / G-SYNC
2x USB 3.2 Gen 2 Type-A
1x 2.5G LAN port"
32,Bàn phím,Backlit Chiclet Keyboard Per-Key RGB
32,Audio,"Dolby Atmos, Hi-Res certification, Smart Amp Technology, AI noise-canceling technology"
32,Lan,10/100/1000/2500 Mbps
32,Wifi + Bluetooth,Wi-Fi 6E(802.11ax) (Triple band) 2*2 + Bluetooth® 5.3 Wireless Card
32,Webcam,720P HD camera
32,Hệ điều hành,Windows 11 Home
32,Pin,"90WHrs, 4S1P, 4-cell Li-ion"
32,Trọng lượng,2.65 kg
32,Màu sắc,Off Black
32,Kích thước,35.4 x 26.4 x 2.26 ~ 3.04 cm
33,CPU,"Intel® Core™ i5-12450HX, 8C (4P + 4E) / 12T, P-core up to 4.4GHz, E-core up to 3.1GHz, 12MB"
33,RAM,"12GB (1x12GB) DDR5-4800 SO-DIMM (2x SO-DIMM socket, up to 32GB SDRAM)"
33,Ổ cứng,512GB SSD M.2 2242 PCIe 4.0x4 NVMe (2 Slots: M.2 2242/M.2 2280 PCIe 4.0 x4)
33,Card đồ họa,"NVIDIA® GeForce RTX™ 4050 6GB GDDR6, Boost Clock 2370MHz, TGP 105W"
33,Màn hình,"15.6"" FHD (1920x1080) IPS 300nits Anti-glare, 100% sRGB, 144Hz, G-SYNC®"
33,Cổng kết nối,"1x USB-C® (USB 10Gbps / USB 3.2 Gen 2), with PD 140W and DisplayPort™ 1.4
3x USB-A (USB 5Gbps / USB 3.2 Gen 1)
1x HDMI® 2.1, up to 8K/60Hz
1x Ethernet (RJ-45)
1x Headphone / microphone combo jack (3.5mm)
1x Power connector"
33,Bàn phím,"White Backlit, English"
33,Audio,"Stereo speakers, 2W x2, optimized with Nahimic Audio"
33,Chuẩn Lan,100/1000M
33,Wifi + Bluetooth,"Wi-Fi® 6, 11ax 2x2 + BT5.2"
33,Webcam,FHD 1080p with E-shutter
33,Hệ điều hành    ,"Windows® 11 Home Single Language, English"
33,Pin,Integrated 60Wh (3 Cell)
33,Trọng lượng,2.38 kg
33,Màu sắc,Luna Grey
33,Chất liệu,"PC-ABS (Top), PC-ABS (Bottom)"
33,Kích thước    ,359.86 x 258.7 x 21.9-23.9 mm (14.17 x 10.19 x 0.86-0.94 inches)
34,CPU,"AMD Ryzen™ AI 9 HX 370 Processor 2.0GHz (36MB Cache, up to 5.1GHz, 12 cores, 24 Threads); AMD Ryzen™ AI up to 81 TOPs"
34,RAM,32GB LPDDR5X on board
34,Ổ cứng,1TB M.2 NVMe™ PCIe® 4.0 SSD
34,VGA,AMD Radeon™ Graphics
34,Màn hình,"14"" 3K (2880 x 1800) OLED 16:10 aspect ratio, 120Hz refresh rate, 600nits HDR peak brightness, 100% DCI-P3 color gamut, Gamut mapping, Contrast ratio 1,000,000:1, VESA CERTIFIED Display HDR True Black 600, 1.07 billion colors, Glossy display, 70% less harmful blue light, Screen-to-body ratio: 87％"
34,Cổng giao tiếp,"1x USB 3.2 Gen 1 Type-C support display / power delivery
2x USB 3.2 Gen 1 Type-A
1x USB 4.0 Gen 3 Type-C support display / power delivery
1x HDMI 2.1 TMDS
1x 3.5mm Combo Audio Jack
Micro SD card reader"
34,Bàn phím,Backlit Chiclet Keyboard 1-Zone RGB without Num-key With Copilot key
34,Audio,Smart Amp Technology harman/kardon (Mainstream)
34,Đọc thẻ nhớ,None
34,Chuẩn LAN,None
34,Chuẩn WIFI,Wi-Fi 6E(802.11ax) (Dual band) (2x2)
34,Bluetooth,v5.3
34,Webcam,FHD camera with IR function to support Windows Hello ; With privacy shutter
34,Hệ điều hành,Windows 11 Home
34,Pin,4 Cells 75WHrs
34,Trọng lượng,1.3 kg
34,Màu sắc,Cool Silver
34,Chất liệu,Mặt A C D: Aluminum
34,Kích thước,31.05 x 22.19 x 1.39 ~ 1.59 cm
35,CPU,"Intel® Core™ Ultra 5 Processor 125H 1.2 GHz (18MB Cache, up to 4.5 GHz, 14 cores, 18 Threads); Intel® AI Boost NPU"
35,RAM,16GB LPDDR5X Onboard 7467Mhz
35,Ổ cứng,512GB M.2 NVMe™ PCIe® 4.0 SSD
35,VGA,Intel® Arc™ Graphics
35,Màn hình,"14"" 3K (2880 x 1800) OLED 16:10 aspect ratio, 120Hz refresh rate, 600nits HDR peak brightness, 100% DCI-P3 color gamut, Gamut mapping, Contrast ratio 1,000,000:1, VESA CERTIFIED Display HDR True Black 600, 1.07 billion colors, Glossy display, 70% less harmful blue light, Screen-to-body ratio: 87％"
35,Cổng giao tiếp,"2x Thunderbolt™ 4 supports display / power delivery
2x USB 3.2 Gen 1 Type-A
1x HDMI 2.1 TMDS
1x 3.5mm Combo Audio Jack Micro SD card reader"
35,Bàn phím,Backlit Chiclet Keyboard 1-Zone RGB without Num-key With Copilot key
35,Audio,Harman/Kardon
35,Đọc thẻ nhớ,None
35,Chuẩn LAN,None
35,Chuẩn WIFI,Wi-Fi 6E(802.11ax) (Dual band) (2x2)
35,Bluetooth,v5.3
35,Webcam,FHD camera with IR function to support Windows Hello ; With privacy shutter
35,Hệ điều hành,Windows 11 Home + Office Home & Student 2021
35,Pin,4 Cells 75WHrs
35,Trọng lượng,1.3 kg
35,Màu sắc,Mist Blue
35,Chất liệu,Mặt A C D: Aluminum
35,Kích thước,35.93 x 22.94 x 1.79 ~ 1.79 cm
36,CPU,"Intel® Core™ Ultra 7 processor 155H (upto 4.8GHz, 16 lõi 22 luồng, 24 MB Intel® Smart Cache)"
36,RAM,16GB (1x16GB) LPDDR5 6400MHz Onboard (Không nâng cấp được)
36,Ổ cứng,"512GB PCIe NVMe SED SSD (2 slots, nâng cấp tối đa 2TB)"
36,Card đồ họa,Intel® ARC™ Graphics
36,Màn hình,"14"" 2.8K (2880x1800) OLED 16:10 aspect ratio, 90Hz, 400nits, DCI-P3 100%, Adobe100%"
36,Cổng giao tiếp," 2x USB Type-C™ 
  port supporting:
 • USB4® 40Gbps
 • Thunderbolt™ 4
 • USB charging 5 V; 3 A
 • DC-in port 20 V; 100 W
2x USB Standard-A ports, supporting:
 • One port for USB 3.2 Gen 1
 • One port for USB 3.2 Gen 1 featuring power off USB charging
1x microSD™ Card reader
1x Headphone/speaker jack
1x HDMI®
1x 2.1 port with HDCP support"
36,Audio,Acer TrueHarmony technology
36,Bàn phím,"Có LED, Đơn sắc - Trắng"
36,Bảo mật,Power keycap fingerprint reader with on-chip matching design
36,Chuẩn WIFI,"Killer Wi-Fi 7 Wireless LAN
 • 802.11 a/b/g/n/ac/ax/be
 • Band: 2.4 GHz, 5 GHz, and 6 GHz
 • 2x2 MIMO technology"
36,Bluetooth,v5.3
36,Webcam,"2560 x 1440 resolution
1440p QHD video at 30 fps with Temporal"
36,Hệ điều hành,Windows 11 Home Single Language
36,Trọng lượng,1.32kg
36,Pin,65 Whr 4-cell 
36,Màu sắc,Pure Silver
36,Chất liệu,Cover A/C/D: Aluminum
36,Kích thước,312.9 (W) x 217.9 (D) x 14.9 (H) mm
37,CPU,"Intel Core i5-13420H 3.3GHz up to 4.4GHz, 12MB Smart Cache, 8 Cores 12 Threads"
37,Ram,"8GB (8x1) DDR5 5200MHz (2x SO-DIMM socket, up to 32GB SDRAM)"
37,Ổ cứng,"512GB PCIe NVMe SED SSD (Còn trống 1 khe SSD M.2 PCIE, nâng cấp tối đa 2TB)"
37,Card đồ họa,NVIDIA® GeForce RTX™ 4050 with 6 GB of dedicated GDDR6 VRAM
37,Màn hình,"15.6"" FHD (1920 x 1080) IPS, 144Hz, 3ms,  Acer ComfyView LED-backlit TFT LCD, 45% NTSC"
37,Cổng giao tiếp,"1 x USB Type-C™ port supporting:
• USB 3.2 Gen 2 (up to 10 Gbps)
• DisplayPort over USB-C
• Thunderbolt™ 4
• USB charging 5 V; 3 A
• DC-in port 20 V; 65 W
3 x USB Standard-A ports, supporting:
• One port for USB 3.2 Gen 1 featuring power off USB charging
• Two ports for USB 3.2 Gen 1
1 x HDMI® 2.1 port with HDCP support
1 x 3.5 mm headphone/speaker jack, supporting headsets with built-in
microphone
1 x Ethernet (RJ-45) port
1 x DC-in jack for AC adapter"
37,Audio,DTS® X:Ultra
37,Bàn phím,Led trắng
37,Đọc thẻ nhớ,None
37,Chuẩn LAN,Gigabit Ethernet
37,Chuẩn WIFI,"802.11a/b/g/n/ac+ax wireless LAN
Dual Band (2.4 GHz and 5 GHz)"
37,Bluetooth,Bluetooth® 5.1
37,Webcam,720p HD audio/video recording
37,Hệ điều hành,Windows 11 Home
37,Pin,4 Cell 57WHr
37,Trọng lượng,2.1 kg
37,Màu sắc,Obsidian Black
37,Kích thước,362.3 (W) x 239.89 (D) x 22.9/26.9 (H) mm
38,CPU,"Intel® Core™ Ultra 5 processor 125H (upto 4.5GHz, 14 lõi 18 luồng, 18 MB Intel® Smart Cache)"
38,RAM,16GB (1x16GB) LPDDR5 6400MHz Onboard (Không nâng cấp được)
38,Ổ cứng,"512GB PCIe NVMe SED SSD (2 slots, nâng cấp tối đa 2TB)"
38,Card đồ họa,Intel® ARC™ Graphics
38,Màn hình,"14"" 2.8K (2880x1800) OLED 16:10 aspect ratio, 90Hz, 400nits, DCI-P3 100%, Adobe100%"
38,Cổng giao tiếp," 2x USB Type-C™ 
  port supporting:
 • USB4® 40Gbps
 • Thunderbolt™ 4
 • USB charging 5 V; 3 A
 • DC-in port 20 V; 100 W
2x USB Standard-A ports, supporting:
 • One port for USB 3.2 Gen 1
 • One port for USB 3.2 Gen 1 featuring power off USB charging
1x microSD™ Card reader
1x Headphone/speaker jack
1x HDMI®
1x 2.1 port with HDCP support"
38,Audio,Acer TrueHarmony technology
38,Bàn phím,"Có LED, Đơn sắc - Trắng"
38,Bảo mật,Power keycap fingerprint reader with on-chip matching design
38,Chuẩn WIFI,"Killer Wi-Fi 7 Wireless LAN
 • 802.11 a/b/g/n/ac/ax/be
 • Band: 2.4 GHz, 5 GHz, and 6 GHz
 • 2x2 MIMO technology"
38,Bluetooth,v5.3
38,Webcam,"2560 x 1440 resolution
1440p QHD video at 30 fps with Temporal"
38,Hệ điều hành,Windows 11 Home Single Language
38,Trọng lượng,1.32kg
38,Pin,65 Whr 4-cell 
38,Màu sắc,Pure Silver
38,Chất liệu,Cover A/C/D: Aluminum
38,Kích thước,312.9 (W) x 217.9 (D) x 14.9 (H) mm
39,CPU,Intel Core i7-13700H 2.4GHz up to 5.0GHz 24MB
39,RAM,"32GB (2x16GB) DDR5 5200MHz (2x SO-DIMM socket, up to 32GB SDRAM)"
39,Ổ cứng,512GB PCIe® Gen4 NVMe™ TLC M.2 SSD (1 slot)
39,VGA,NVIDIA® GeForce RTX™ 3050 6GB GDDR6
39,Màn hình,"16.1"" FHD (1920 x 1080), 144 Hz, IPS, micro-edge, anti-glare, 250 nits, 45% NTSC"
39,Cổng giao tiếp,"1x USB Type-C® 5Gbps signaling rate (USB Power Delivery, DisplayPort™ 1.4, HP Sleep and Charge)
1x USB Type-A 5Gbps signaling rate (HP Sleep and Charge)
2x USB Type-A 5Gbps signaling rate
1x HDMI 2.1
1x RJ-45
1x AC smart pin
1x headphone/microphone combo"
39,Bàn phím,"Full-size, 1-zone RGB backlit, moonstone grey keyboard with numeric keypad"
39,Audio,Audio by B&O; Dual speakers; HP Audio Boost
39,Chuẩn LAN,10/100/1000 GbE LAN
39,Chuẩn WIFI,MediaTek Wi-Fi 6E MT7922 (2x2)
39,Bluetooth,v5.3
39,Webcam,HP True Vision 1080p FHD camera with temporal noise reduction and integrated dual array digital microphones
39,Hệ điều hành,Windows 11 Home
39,Pin,4 Cell 70WHr
39,Trọng lượng,2.31 kg
39,Màu sắc,Performance Blue
39,Kích thước,36.9 x 25.94 x 2.29~2.39 cm
40,CPU,Intel Core i7-13700H 2.4GHz up to 5.0GHz 24MB
40,RAM,"32GB (2x16GB) DDR5 5200MHz (2x SO-DIMM socket, up to 32GB SDRAM)"
40,Ổ cứng,512GB PCIe® Gen4 NVMe™ TLC M.2 SSD (1 slot)
40,VGA,NVIDIA® GeForce RTX™ 4050 6GB GDDR6
40,Màn hình,"16.1"" FHD (1920 x 1080), 144 Hz, IPS, micro-edge, anti-glare, 250 nits, 45% NTSC"
40,Cổng giao tiếp,"1x USB Type-C® 5Gbps signaling rate (USB Power Delivery, DisplayPort™ 1.4, HP Sleep and Charge)
1x USB Type-A 5Gbps signaling rate (HP Sleep and Charge)
2x USB Type-A 5Gbps signaling rate
1x HDMI 2.1
1x RJ-45
1x AC smart pin
1x headphone/microphone combo"
40,Bàn phím,"Full-size, 1-zone RGB backlit, moonstone grey keyboard with numeric keypad"
40,Audio,Audio by B&O; Dual speakers; HP Audio Boost
40,Chuẩn LAN,10/100/1000 GbE LAN
40,Chuẩn WIFI,MediaTek Wi-Fi 6E MT7922 (2x2)
40,Bluetooth,v5.3
40,Webcam,HP True Vision 1080p FHD camera with temporal noise reduction and integrated dual array digital microphones
40,Hệ điều hành,Windows 11 Home
40,Pin,4 Cell 70WHr
40,Trọng lượng,2.31 kg
40,Màu sắc,"Mica silver, dark chrome logo"
40,Kích thước,36.9 x 25.94 x 2.29~2.39 cm
41,CPU,Intel Core i7-13700H 2.4GHz up to 5.0GHz 24MB
41,RAM,"16GB (2x8GB) DDR5 5200MHz (2x SO-DIMM socket, up to 32GB SDRAM)"
41,Ổ cứng,512GB PCIe® Gen4 NVMe™ TLC M.2 SSD (1 slot)
41,VGA,"NVIDIA® GeForce RTX™ 4060 8GB GDDR6 (TGP: 120W, Boost clock: 2250 Mhz)"
41,Màn hình,"16.1"" FHD (1920 x 1080), 144 Hz, IPS, micro-edge, anti-glare, 250 nits, 45% NTSC"
41,Cổng giao tiếp,"1x USB Type-C® 5Gbps signaling rate (USB Power Delivery, DisplayPort™ 1.4, HP Sleep and Charge)
1x USB Type-A 5Gbps signaling rate (HP Sleep and Charge)
2x USB Type-A 5Gbps signaling rate
1x HDMI 2.1
1x RJ-45
1x AC smart pin
1x headphone/microphone combo"
41,Bàn phím,"Full-size, 1-zone RGB backlit, moonstone grey keyboard with numeric keypad"
41,Audio,Audio by B&O; Dual speakers; HP Audio Boost
41,Chuẩn LAN,10/100/1000 GbE LAN
41,Chuẩn WIFI,MediaTek Wi-Fi 6E MT7922 (2x2)
41,Bluetooth,v5.3
41,Webcam,HP True Vision 1080p FHD camera with temporal noise reduction and integrated dual array digital microphones
41,Hệ điều hành,Windows 11 Home
41,Pin,4 Cell 70WHr
41,Trọng lượng,2.31 kg
41,Màu sắc,"Mica silver, dark chrome logo"
41,Kích thước,36.9 x 25.94 x 2.29~2.39 cm
42,CPU,"AMD Ryzen™ 5 7235HS (4C / 8T, 3.2 / 4.2GHz, 2MB L2 / 8MB L3)"
42,RAM,"24GB (2x12GB) DDR5-4800 SO-DIMM (2x SO-DIMM socket, up to 32GB SDRAM)"
42,Ổ cứng,512GB SSD M.2 2242 PCIe® 4.0x4 NVMe® (2 Slots: M2 2242 PCIe 4.0 x4 Slot/ M.2 2280 PCIe 4.0 x4 Slot)
42,Card đồ họa,"NVIDIA® GeForce RTX™ 3050 6GB GDDR6, Boost Clock 1732MHz, TGP 95W"
42,Màn hình,"15.6"" FHD (1920x1080) IPS 300nits Anti-glare, 100% sRGB, 144Hz, G-SYNC®"
42,Cổng kết nối,"3x USB-A (USB 5Gbps / USB 3.2 Gen 1)
1x USB-C® (USB 10Gbps / USB 3.2 Gen 2), with Lenovo® PD 140W and DisplayPort™ 1.4
1x HDMI® 2.1, up to 8K/60Hz
1x Headphone / microphone combo jack (3.5mm)
1x Ethernet (RJ-45)
1x Power connector"
42,Bàn phím,"White Backlit, English"
42,Audio,"Stereo speakers, 2W x2, optimized with Nahimic Audio"
42,Chuẩn Lan,100/1000M (RJ-45)
42,Wifi + Bluetooth,"Wi-Fi® 6, 11ax 2x2 + BT5.2"
42,Webcam,HD 720p with E-shutter
42,Hệ điều hành    ,"Windows® 11 Home Single Language, English"
42,Pin,Integrated 60Wh (4 Cell)
42,Trọng lượng,2.38 kg
42,Màu sắc,Luna Grey
42,Chất liệu,"PC-ABS (Top), PC-ABS (Bottom)"
42,Kích thước    ,359.86 x 258.7 x 21.9-23.9 mm (14.17 x 10.19 x 0.86-0.94 inches)
43,CPU,"AMD Ryzen™ 7 7435HS (8C / 16T, 3.1 / 4.5GHz, 4MB L2 / 16MB L3)"
43,RAM,"24GB (2x12GB) DDR5-4800 SO-DIMM (2x SO-DIMM socket, up to 32GB SDRAM)"
43,Ổ cứng,512GB SSD M.2 2242 PCIe® 4.0x4 NVMe® (2 Slots: M2 2242 PCIe 4.0 x4 Slot/ M.2 2280 PCIe 4.0 x4 Slot)
43,Card đồ họa,"NVIDIA® GeForce RTX™ 4060 8GB GDDR6, Boost Clock 2370MHz, TGP 105W"
43,Màn hình,"15.6"" FHD (1920x1080) IPS 300nits Anti-glare, 100% sRGB, 144Hz, G-SYNC®"
43,Cổng kết nối,"3x USB-A (USB 5Gbps / USB 3.2 Gen 1)
1x USB-C® (USB 10Gbps / USB 3.2 Gen 2), with Lenovo® PD 140W and DisplayPort™ 1.4
1x HDMI® 2.1, up to 8K/60Hz
1x Headphone / microphone combo jack (3.5mm)
1x Ethernet (RJ-45)
1x Power connector"
43,Bàn phím,"White Backlit, English"
43,Audio,"Stereo speakers, 2W x2, optimized with Nahimic Audio"
43,Chuẩn Lan,100/1000M (RJ-45)
43,Wifi + Bluetooth,"Wi-Fi® 6, 11ax 2x2 + BT5.2"
43,Webcam,HD 720p with E-shutter
43,Hệ điều hành    ,"Windows® 11 Home Single Language, English"
43,Pin,Integrated 60Wh (4 Cell)
43,Trọng lượng,2.38 kg
43,Màu sắc,Luna Grey
43,Chất liệu,"PC-ABS (Top), PC-ABS (Bottom)"
43,Kích thước    ,359.86 x 258.7 x 21.9-23.9 mm (14.17 x 10.19 x 0.86-0.94 inches)
44,CPU,"Intel® Core™ i7-13650HX, 14C (6P + 8E) / 20T, P-core 2.6 / 4.9GHz, E-core 1.9 / 3.6GHz, 24MB"
44,RAM,"24GB (2x12GB) SO-DIMM DDR5 4800MHz (2x SO-DIMM socket, up to 32GB SDRAM)"
44,Ổ cứng,"512GB SSD M.2 2242 PCIe® 4.0x4 NVMe® (2 slots M.2 2280 PCIe® 4.0 x4, nâng cấp tối đa 2TB)"
44,Card đồ họa,"NVIDIA® GeForce RTX™ 4060 8GB GDDR6, Boost Clock 2370MHz, TGP 140W, 233 AI TOPS"
44,Màn hình,"15.6"" FHD (1920x1080) IPS 300nits Anti-glare, 100% sRGB, 144Hz, G-SYNC®"
44,Cổng giao tiếp,"2x USB-A (USB 5Gbps / USB 3.2 Gen 1)
1x USB-A (USB 5Gbps / USB 3.2 Gen 1), Always On
1x USB-C® (USB 10Gbps / USB 3.2 Gen 2), with Lenovo® PD 140W and DisplayPort™ 1.4
1x USB-C® (USB 10Gbps / USB 3.2 Gen 2), with DisplayPort™ 1.4
1x HDMI® 2.1, up to 8K/60Hz
1x Headphone / microphone combo jack (3.5mm)
1x Ethernet (RJ-45)
1x Power connector"
44,Bàn phím,"White Backlit, English"
44,Audio,"Stereo speakers, 2W x2, optimized with Nahimic Audio"
44,Finger Print,None
44,Chuẩn LAN,100/1000M (RJ-45)
44,Chuẩn WIFI,"Wi-Fi® 6E, 11ax 2x2"
44,Bluetooth,v5.2
44,Webcam,HD 720p with E-shutter
44,Hệ điều hành,"Windows® 11 Home Single Language, English"
44,Pin,Integrated 80Wh
44,Trọng lượng,2.32 kg
44,Màu sắc,Storm Grey
44,Chất liệu,"Aluminium Stamping (Anodized with Sandblasting) 
Aluminium (Top), PC-ABS (Bottom)"
44,Kích thước,358.8 x 261.4 x 20.5-24.65 mm (14.13 x 10.29 x 0.81-0.97 inches)
46,CPU,"AMD Ryzen™ AI 9 HX 370 Processor 2.0GHz (36MB Cache, up to 5.1GHz, 12 cores, 24 Threads); AMD Ryzen™ AI up to 81 TOPs"
46,RAM,16GB (8GB*2) LPDDR5X 7500 onboard (Không nâng cấp) 
46,Ổ cứng,1TB PCIe® 4.0 NVMe™ M.2 SSD (Còn trống 1 khe SSD M.2 PCIE)
46,Card đồ họa,"NVIDIA® GeForce RTX™ 4060 Laptop GPU 2225Mhz* at 100W(2175MHz Boost Clock+50MHz O.C.,75W+25W Dynamic Boost)
+ AMD Radeon™ Graphics"
46,Màn hình,"14-inch 2.5K (2560 x 1600, WQXGA) 16:10, 165Hz, IPS-level, 400nits, 100% sRGB, Anti-glare display, G-Sync"
46,Cổng giao tiếp,"1x Type-C USB 4 support DisplayPort™ / power delivery
1x USB 3.2 Gen 2 Type-C support DisplayPort™
2x USB 3.2 Gen 2 Type-A
1x card reader (microSD) (UHS-II)
1x HDMI 2.1 FRL"
46,Audio,2-speaker system
46,Bàn phím,"Backlit Chiclet Keyboard Single Light
With Copilot key"
46,Chuẩn LAN,None
46,Chuẩn WIFI,Wi-Fi 6E(802.11ax) (Triple band) 2*2
46,Bluetooth,Bluetooth® 5.3
46,Webcam,1080P FHD IR Camera for Windows Hello
46,Hệ điều hành,Windows 11 Home + Microsoft Office Home & Student 2021
46,Pin,"73WHrs, 4S1P, 4-cell Li-ion"
46,Trọng lượng,1.46 Kg
46,Màu sắc,Jaeger Gray
46,Kích thước,Balo ASUS TUF ( Kèm máy)
47,CPU,"Intel® Core™ i7-13650HX, 14C (6P + 8E) / 20T, P-core 2.6 / 4.9GHz, E-core 1.9 / 3.6GHz, 24MB"
47,RAM,"24GB (2 x 12GB) DDR5-4800 SO-DIMM (2x SO-DIMM socket, up to 32GB SDRAM)"
47,Ổ cứng,512GB SSD M.2 2242 PCIe 4.0x4 NVMe (2 Slots: M2 2242 PCIe 4.0 x4 Slot/ M.2 2280 PCIe 4.0 x4 Slot)
47,Card đồ họa,"NVIDIA® GeForce RTX™ 4060 8GB GDDR6, Boost Clock 2370MHz, TGP 115W"
47,Màn hình,"15.6"" FHD (1920x1080) IPS 300nits Anti-glare, 100% sRGB, 144Hz, G-SYNC®"
47,Cổng kết nối,"1 x USB 3.2 Gen 1
2 x USB 3.2 Gen 2
1 x USB-C® 3.2 Gen 2 (support data transfer, Power Delivery 140W and DisplayPort™ 1.4)
1 x HDMI®, up to 8K/60Hz
1 x Ethernet (RJ-45)
1 x Headphone / microphone combo jack (3.5mm)
1 x Power connector"
47,Bàn phím,"4-Zone RGB Backlit, English"
47,Audio,"Stereo speakers, 2W x2, optimized with Nahimic Audio"
47,Chuẩn Lan,100/1000M
47,Wifi + Bluetooth,"Wi-Fi 6 11ax, 2x2 + BT5.1"
47,Webcam,FHD 1080p with E-shutter
47,Hệ điều hành    ,"Windows® 11 Home Single Language, English"
47,Pin,Integrated 60Wh (4 Cell)
47,Trọng lượng,2.4 kg
47,Màu sắc,Luna Grey
47,Chất liệu,"PC-ABS (Top), PC-ABS (Bottom)"
47,Kích thước    ,359.6 x 264.8 x 22.1-25.2 mm
48,CPU,Intel Core i7-13620H (3.6GHz~4.9GHz) 10 Cores 16 Threads
48,RAM,"16GB (2 x 8GB) DDR5 4800MHz (2x SO-DIMM socket, up to 64GB SDRAM)"
48,Ổ cứng,512GB NVMe PCIe SSD Gen4x4 (1 slot)
48,VGA,"NVIDIA® GeForce RTX™ 4050 Laptop GPU 6GB GDDR6
Up to 1605MHz Boost Clock 45W Maximum Graphics Power with Dynamic Boost"
48,Màn hình,"14” FHD+ (1920x1200), 144Hz, IPS-Level, 45% NTSC, 65% sRGB"
48,Cổng giao tiếp,"1x Type-C (USB3.2 Gen2 / DP)
2x Type-A USB3.2 Gen1
1x HDMI™ 2.1 (4K @ 60Hz)
1x RJ45"
48,Bàn phím,Single Backlit Keyboard (Blue)
48,Audio,2x 2W Speaker
48,Chuẩn LAN,Gigabit Ethernet
48,Chuẩn WIFI,802.11 ax Wi-Fi 6E
48,Bluetooth,Bluetooth v5.3
48,Webcam,HD type (30fps@720p)
48,Hệ điều hành,Windows 11 Home
48,Pin,3-Cell 53.5Whr Battery (Whr)
48,Trọng lượng,1.6 kg
48,Màu sắc,Translucent Black
48,Kích thước,314.7 x 233.5 x 18.6-22.3 mm
49,CPU,"AMD Ryzen™ 7 7735HS Mobile Processor (8-core/16-thread, 16MB L3 cache, up to 4.7 GHz max boost)"
49,RAM,"16GB (2x8GB) DDR5 4800MHz (2x SO-DIMM socket, up to 32GB SDRAM)"
49,Ổ cứng,1TB PCIe® 4.0 NVMe™ M.2 SSD (2230) (Còn trống 1 khe SSD M.2 PCIe)
49,Card đồ họa,"NVIDIA® GeForce RTX™ 4060 Laptop GPU 8GB GDDR6, 2420MHz* at 140W (2370MHz Boost Clock+50MHz OC, 115W+25W Dynamic Boost) + AMD Radeon™ Navi2 Graphics, MUX Switch + NVIDIA® Advanced Optimus"
49,Màn hình,"15.6"" FHD (1920 x 1080) 16:9 IPS, 144Hz, Wide View, 250nits, Narrow Bezel, Non-Glare with 72% NTSC, 100% sRGB, G-Sync"
49,Cổng giao tiếp,"1x USB 3.2 Gen 2 Type-C support DisplayPort™ / power delivery / G-SYNC
 2x USB 3.2 Gen 1 Type-A
1x RJ-45 LAN
1x HDMI 2.1 FRL
1x COMBO audio jack
1x Type C USB 4 support DisplayPort™ / G-SYNC"
49,Audio,Dolby Atmos
49,Bàn phím,Backlit Chiclet Keyboard 1-Zone RGB
49,Chuẩn LAN,10/100/1000 Mbps
49,Chuẩn WIFI,Wi-Fi 6(802.11ax) (Dual band) 2*2
49,Bluetooth,v5.2
49,Webcam,HD 720p
49,Hệ điều hành,Windows 11 Home
49,Pin,"90WHrs, 4S1P, 4-cell Li-ion"
49,Trọng lượng,2.2 kg
49,Màu sắc,Jaeger Gray
49,Kích thước,35.4 x 25.1 x 2.24 ~ 2.49 cm
50,CPU,"Intel® Core™ Ultra 9 185H (2.3 GHz upto 5.1 GHz, 16 nhân 32 luồng, 24MB Intel® Smart Cache)"
50,RAM,32GB LPDDR5X 6400MHz onboard (Không nâng cấp)
50,Ổ cứng,1TB PCIe NVMe SED SSD (Không nâng cấp)
50,VGA,NVIDIA® GeForce RTX™ 4070 with 8GB of dedicated GDDR6 VRAM
50,Màn hình,"14.5"" 3K WQXGA+ (3072x1920) 16:10, IPS, 400 nits, 100% sRGB, 165Hz, Acer ComfyView™ LED-backlit TFT
 LCD, Nvidia Advanced Optimus capable"
50,Cổng giao tiếp," 2x USB Type-C™ ports
 USB Type-C™ port supporting:
 • USB 3.2 Gen 2 (up to 10 Gbps)
 • DisplayPort over USB-C
 • Thunderbolt™ 4
 • USB charging 5 V; 3 A
 • DC-in port 20 V; 65 W
2x USB Standard-A ports, supporting:
 • One port for USB 3.2 Gen 2
 • One port for USB 3.2 Gen 2 featuring power off USB charging
 HDMI® 2.1 port with HDCP support
 3.5 mm headphone/speaker jack, 
 microSD™ Card reader"
50,Bàn phím,3-zone RGB
50,Audio,DTS X:Ultra Audio
50,Tản nhiệt,"Dual Fan (1x AeroBlade 3D 5th gen)
 Liquid Metal"
50,Chuẩn LAN,Killer™ Ethernet E3100G
50,Chuẩn WIFI,Killer Wireless Wi-Fi 6E 1675i
50,Bluetooth,v5.3
50,Webcam," Narrow USB FHD camera with blue glass
 • 1920 x 1080 resolution
 • 1080p HD video at 60 fps with Temporal Noise Reduction"
50,Hệ điều hành,Windows 11 Home Single Language
50,Pin,76 Wh 4-cell Li-ion battery
50,Trọng lượng,1.9 kg
50,Màu sắc,Abyssal Black
50,Chất liệu,"Cover A: Aluminium
 Cover B,C,D: ABS Plastic"
50,Kích thước,324.12 (W) x 255.35 (D) x 19.52/20.90 (H) mm
